-- MySQL dump 10.13  Distrib 5.6.37-82.2, for debian-linux-gnu (x86_64)
--
-- Host: localhost    Database: timepayupi
-- ------------------------------------------------------
-- Server version	5.6.37-82.2

/*!40101 SET @OLD_CHARACTER_SET_CLIENT=@@CHARACTER_SET_CLIENT */;
/*!40101 SET @OLD_CHARACTER_SET_RESULTS=@@CHARACTER_SET_RESULTS */;
/*!40101 SET @OLD_COLLATION_CONNECTION=@@COLLATION_CONNECTION */;
/*!40101 SET NAMES utf8 */;
/*!40103 SET @OLD_TIME_ZONE=@@TIME_ZONE */;
/*!40103 SET TIME_ZONE='+00:00' */;
/*!40014 SET @OLD_UNIQUE_CHECKS=@@UNIQUE_CHECKS, UNIQUE_CHECKS=0 */;
/*!40014 SET @OLD_FOREIGN_KEY_CHECKS=@@FOREIGN_KEY_CHECKS, FOREIGN_KEY_CHECKS=0 */;
/*!40101 SET @OLD_SQL_MODE=@@SQL_MODE, SQL_MODE='NO_AUTO_VALUE_ON_ZERO' */;
/*!40111 SET @OLD_SQL_NOTES=@@SQL_NOTES, SQL_NOTES=0 */;
/*!50112 SELECT COUNT(*) INTO @is_rocksdb_supported FROM INFORMATION_SCHEMA.SESSION_VARIABLES WHERE VARIABLE_NAME='rocksdb_bulk_load' */;
/*!50112 SET @save_old_rocksdb_bulk_load = IF (@is_rocksdb_supported, 'SET @old_rocksdb_bulk_load = @@rocksdb_bulk_load', 'SET @dummy_old_rocksdb_bulk_load = 0') */;
/*!50112 PREPARE s FROM @save_old_rocksdb_bulk_load */;
/*!50112 EXECUTE s */;
/*!50112 SET @enable_bulk_load = IF (@is_rocksdb_supported, 'SET SESSION rocksdb_bulk_load = 1', 'SET @dummy_rocksdb_bulk_load = 0') */;
/*!50112 PREPARE s FROM @enable_bulk_load */;
/*!50112 EXECUTE s */;
/*!50112 DEALLOCATE PREPARE s */;

--
-- Dumping data for table `customeraccount`
--

LOCK TABLES `customeraccount` WRITE;
/*!40000 ALTER TABLE `customeraccount` DISABLE KEYS */;
INSERT INTO `customeraccount` VALUES (56,'2020-02-04 18:43:05','9186001037','SAVINGS','9766399651.timepay@cosmos','N',NULL,NULL,'5712','ENTITY',1,'COSB0000918','100000','','Y',NULL,'919766399651','LUMINAZ SAFETY',NULL,56,1,NULL,'FORMAT1',NULL,NULL,NULL,NULL,NULL),(57,'2020-02-04 18:43:05','012204301950498','SAVINGS','9823777568.timepay@cosmos','N',NULL,NULL,'5712','ENTITY',1,'COSB0000002','100000','','Y',NULL,'919823777568','SANT GYANESHWAR',NULL,57,1,NULL,'FORMAT1',NULL,NULL,NULL,NULL,NULL),(58,'2020-02-04 18:43:05','00260010170','SAVINGS','9850215215.timepay@cosmos','N',NULL,NULL,'5712','ENTITY',1,'COSB0000002','100000','','Y',NULL,'919850215215','BHULESHWAR STEE',NULL,58,1,NULL,'FORMAT1',NULL,NULL,NULL,NULL,NULL),(59,'2020-02-04 18:43:05','011100101120','SAVINGS','9822020685.timepay@cosmos','N',NULL,NULL,'5712','ENTITY',1,'COSB0000011','100000','','Y',NULL,'919822020685','PUSHPAK STEEL I',NULL,59,1,NULL,'FORMAT1',NULL,NULL,NULL,NULL,NULL),(60,'2020-02-04 18:43:05','030600101601','SAVINGS','9849044140.timepay@cosmos','N',NULL,NULL,'5561','ENTITY',1,'COSB0000030','100000','','Y',NULL,'919849044140','BRINDAVAN MARKE',NULL,60,1,NULL,'FORMAT1',NULL,NULL,NULL,NULL,NULL),(61,'2020-02-04 18:43:05','00660010718','SAVINGS','9860094531.timepay@cosmos','N',NULL,NULL,'5712','ENTITY',1,'COSB0000006','100000','','Y',NULL,'919860094531','PRADEEP LAMINAT',NULL,61,1,NULL,'FORMAT1',NULL,NULL,NULL,NULL,NULL),(62,'2020-02-04 18:43:05','002100108419','SAVINGS','9890531838.timepay@cosmos','N',NULL,NULL,'7011','ENTITY',1,'COSB0000002','100000','','Y',NULL,'919890531838','VANDAN SWEETS A',NULL,62,1,NULL,'FORMAT1',NULL,NULL,NULL,NULL,NULL),(63,'2020-02-04 18:43:05','010100108839','SAVINGS','9372489092.timepay@cosmos','N',NULL,NULL,'7311','ENTITY',1,'COSB0000010','100000','','Y',NULL,'919372489092','MUKTA ADVERTISI',NULL,63,1,NULL,'FORMAT1',NULL,NULL,NULL,NULL,NULL),(64,'2020-02-04 18:43:05','010600102233','SAVINGS','9822283893.timepay@cosmos','N',NULL,NULL,'5094','ENTITY',1,'COSB0000010','100000','','Y',NULL,'919822283893','RANKA JEWELLERS',NULL,64,1,NULL,'FORMAT1',NULL,NULL,NULL,NULL,NULL),(65,'2020-02-04 18:43:05','010600102318','SAVINGS','9823136721.timepay@cosmos','N',NULL,NULL,'5561','ENTITY',1,'COSB0000010','100000','','Y',NULL,'919823136721','COOL SPRING BEV',NULL,65,1,NULL,'FORMAT1',NULL,NULL,NULL,NULL,NULL),(66,'2020-02-04 18:43:05','010600102516','SAVINGS','9822883085.timepay@cosmos','N',NULL,NULL,'5732','ENTITY',1,'COSB0000010','100000','','Y',NULL,'919822883085','RELIABLE DEVICES',NULL,66,1,NULL,'FORMAT1',NULL,NULL,NULL,NULL,NULL),(67,'2020-02-04 18:43:05','017600104220','SAVINGS','9820040364.timepay@cosmos','N',NULL,NULL,'5712','ENTITY',1,'COSB0000017','100000','','Y',NULL,'919820040364','WANKSONS CHEMIC',NULL,67,1,NULL,'FORMAT1',NULL,NULL,NULL,NULL,NULL),(68,'2020-02-04 18:43:05','017105117990014','SAVINGS','9820011198.timepay@cosmos','N',NULL,NULL,'5712','ENTITY',1,'COSB0000017','100000','','Y',NULL,'919820011198','PAPER UDYOG BOM',NULL,68,1,NULL,'FORMAT1',NULL,NULL,NULL,NULL,NULL),(69,'2020-02-04 18:43:05','017600104633','SAVINGS','9321155555.timepay@cosmos','N',NULL,NULL,'5814','ENTITY',1,'COSB0000017','100000','','Y',NULL,'919321155555','JAY ANAND FOOD',NULL,69,1,NULL,'FORMAT1',NULL,NULL,NULL,NULL,NULL),(70,'2020-02-04 18:43:05','0476001037','SAVINGS','9819674675.timepay@cosmos','N',NULL,NULL,'5561','ENTITY',1,'COSB0000047','100000','','Y',NULL,'919819674675','ALFA',NULL,70,1,NULL,'FORMAT1',NULL,NULL,NULL,NULL,NULL),(71,'2020-02-04 18:43:05','017600104879','SAVINGS','9657072333.timepay@cosmos','N',NULL,NULL,'5712','ENTITY',1,'COSB0000017','100000','','Y',NULL,'919657072333','RENAM RETAIL PR',NULL,71,1,NULL,'FORMAT1',NULL,NULL,NULL,NULL,NULL),(72,'2020-02-04 18:43:05','001105117000004','SAVINGS','9890013434.timepay@cosmos','N',NULL,NULL,'5712','ENTITY',1,'COSB0000001','100000','','Y',NULL,'919890013434','V K GUPTE AND S',NULL,72,1,NULL,'FORMAT1',NULL,NULL,NULL,NULL,NULL),(73,'2020-02-04 18:43:05','001105117000145','SAVINGS','9822279955.timepay@cosmos','N',NULL,NULL,'5712','ENTITY',1,'COSB0000001','100000','','Y',NULL,'919822279955','SAI ENTERPRISES',NULL,73,1,NULL,'FORMAT1',NULL,NULL,NULL,NULL,NULL),(74,'2020-02-04 18:43:05','001105117092006','SAVINGS','9822035971.timepay@cosmos','N',NULL,NULL,'5712','ENTITY',1,'COSB0000001','100000','','Y',NULL,'919822035971','NAMOLECTRIC CON',NULL,74,1,NULL,'FORMAT1',NULL,NULL,NULL,NULL,NULL),(75,'2020-02-04 18:43:05','001105117093014','SAVINGS','9822075052.timepay@cosmos','N',NULL,NULL,'5712','ENTITY',1,'COSB0000001','100000','','Y',NULL,'919822075052','K G BANTHIA BROS',NULL,75,1,NULL,'FORMAT1',NULL,NULL,NULL,NULL,NULL),(76,'2020-02-04 18:43:05','001100106620','SAVINGS','9890099305.timepay@cosmos','N',NULL,NULL,'8043','ENTITY',1,'COSB0000001','100000','','Y',NULL,'919890099305','DIGINEXUS',NULL,76,1,NULL,'FORMAT1',NULL,NULL,NULL,NULL,NULL),(77,'2020-02-04 18:43:05','001204301990068','SAVINGS','9822288263.timepay@cosmos','N',NULL,NULL,'5021','ENTITY',1,'COSB0000001','100000','','Y',NULL,'919822288263','SHRI SAI FURNIT',NULL,77,1,NULL,'FORMAT1',NULL,NULL,NULL,NULL,NULL),(78,'2020-02-04 18:43:05','0011001011501','SAVINGS','9923414130.timepay@cosmos','N',NULL,NULL,'5094','ENTITY',1,'COSB0000001','100000','','Y',NULL,'919923414130','SUJATA ARTS AND',NULL,78,1,NULL,'FORMAT1',NULL,NULL,NULL,NULL,NULL),(79,'2020-02-04 18:43:05','0746001037','SAVINGS','9730000035.timepay@cosmos','N',NULL,NULL,'5712','ENTITY',1,'COSB0000074','100000','','Y',NULL,'919730000035','BHAGYALAXMI ROL',NULL,79,1,NULL,'FORMAT1',NULL,NULL,NULL,NULL,NULL),(80,'2020-02-04 18:43:05','0746001046','SAVINGS','9422216975.timepay@cosmos','N',NULL,NULL,'5712','ENTITY',1,'COSB0000074','100000','','Y',NULL,'919422216975','SHIVSHAKTI RE-R',NULL,80,1,NULL,'FORMAT1',NULL,NULL,NULL,NULL,NULL),(81,'2020-02-04 18:43:05','017105117200016','SAVINGS','9820432681.timepay@cosmos','N',NULL,NULL,'5561','ENTITY',1,'COSB0000017','100000','','Y',NULL,'919820432681','CRAFT ENTERPRIS',NULL,81,1,NULL,'FORMAT1',NULL,NULL,NULL,NULL,NULL),(82,'2020-02-04 18:43:06','9186001037','SAVINGS','9823371056.timepay@cosmos','N',NULL,NULL,'5712','ENTITY',1,'COSB0000918','100000','','Y',NULL,'919823371056','LUMINAZ SAFETY',NULL,82,1,NULL,'FORMAT1',NULL,NULL,NULL,NULL,NULL);
/*!40000 ALTER TABLE `customeraccount` ENABLE KEYS */;
UNLOCK TABLES;

--
-- Dumping data for table `customervpa`
--

LOCK TABLES `customervpa` WRITE;
/*!40000 ALTER TABLE `customervpa` DISABLE KEYS */;
INSERT INTO `customervpa` VALUES ('9321155555.timepay@cosmos','2020-02-04 18:43:05','2020-02-04 18:43:05',69),('9372489092.timepay@cosmos','2020-02-04 18:43:05','2020-02-04 18:43:05',63),('9422216975.timepay@cosmos','2020-02-04 18:43:05','2020-02-04 18:43:05',80),('9657072333.timepay@cosmos','2020-02-04 18:43:05','2020-02-04 18:43:05',71),('9730000035.timepay@cosmos','2020-02-04 18:43:05','2020-02-04 18:43:05',79),('9766399651.timepay@cosmos','2020-02-04 18:43:05','2020-02-04 18:43:05',56),('9819674675.timepay@cosmos','2020-02-04 18:43:05','2020-02-04 18:43:05',70),('9820011198.timepay@cosmos','2020-02-04 18:43:05','2020-02-04 18:43:05',68),('9820040364.timepay@cosmos','2020-02-04 18:43:05','2020-02-04 18:43:05',67),('9820432681.timepay@cosmos','2020-02-04 18:43:05','2020-02-04 18:43:05',81),('9822020685.timepay@cosmos','2020-02-04 18:43:05','2020-02-04 18:43:05',59),('9822035971.timepay@cosmos','2020-02-04 18:43:05','2020-02-04 18:43:05',74),('9822075052.timepay@cosmos','2020-02-04 18:43:05','2020-02-04 18:43:05',75),('9822279955.timepay@cosmos','2020-02-04 18:43:05','2020-02-04 18:43:05',73),('9822283893.timepay@cosmos','2020-02-04 18:43:05','2020-02-04 18:43:05',64),('9822288263.timepay@cosmos','2020-02-04 18:43:05','2020-02-04 18:43:05',77),('9822883085.timepay@cosmos','2020-02-04 18:43:05','2020-02-04 18:43:05',66),('9823136721.timepay@cosmos','2020-02-04 18:43:05','2020-02-04 18:43:05',65),('9823371056.timepay@cosmos','2020-02-04 18:43:06','2020-02-04 18:43:06',82),('9823777568.timepay@cosmos','2020-02-04 18:43:05','2020-02-04 18:43:05',57),('9849044140.timepay@cosmos','2020-02-04 18:43:05','2020-02-04 18:43:05',60),('9850215215.timepay@cosmos','2020-02-04 18:43:05','2020-02-04 18:43:05',58),('9860094531.timepay@cosmos','2020-02-04 18:43:05','2020-02-04 18:43:05',61),('9890013434.timepay@cosmos','2020-02-04 18:43:05','2020-02-04 18:43:05',72),('9890099305.timepay@cosmos','2020-02-04 18:43:05','2020-02-04 18:43:05',76),('9890531838.timepay@cosmos','2020-02-04 18:43:05','2020-02-04 18:43:05',62),('9923414130.timepay@cosmos','2020-02-04 18:43:05','2020-02-04 18:43:05',78);
/*!40000 ALTER TABLE `customervpa` ENABLE KEYS */;
UNLOCK TABLES;

--
-- Dumping data for table `registration`
--

LOCK TABLES `registration` WRITE;
/*!40000 ALTER TABLE `registration` DISABLE KEYS */;
INSERT INTO `registration` VALUES (56,NULL,NULL,NULL,NULL,'2020-02-04 18:43:05','9766399651.timepay@cosmos','2020-02-04 18:43:05',NULL,'2020-08-02 18:43:05',0,'LUMINAZ SAFETY',NULL,NULL,'2020-02-04 18:43:05',NULL,NULL,NULL,NULL,NULL,NULL,'919766399651',NULL,NULL,NULL,NULL,11,'2020-02-04 18:43:05',NULL,NULL,'5712'),(57,NULL,NULL,NULL,NULL,'2020-02-04 18:43:05','9823777568.timepay@cosmos','2020-02-04 18:43:05',NULL,'2020-08-02 18:43:05',0,'SANT GYANESHWAR',NULL,NULL,'2020-02-04 18:43:05',NULL,NULL,NULL,NULL,NULL,NULL,'919823777568',NULL,NULL,NULL,NULL,11,'2020-02-04 18:43:05',NULL,NULL,'5712'),(58,NULL,NULL,NULL,NULL,'2020-02-04 18:43:05','9850215215.timepay@cosmos','2020-02-04 18:43:05',NULL,'2020-08-02 18:43:05',0,'BHULESHWAR STEE',NULL,NULL,'2020-02-04 18:43:05',NULL,NULL,NULL,NULL,NULL,NULL,'919850215215',NULL,NULL,NULL,NULL,11,'2020-02-04 18:43:05',NULL,NULL,'5712'),(59,NULL,NULL,NULL,NULL,'2020-02-04 18:43:05','9822020685.timepay@cosmos','2020-02-04 18:43:05',NULL,'2020-08-02 18:43:05',0,'PUSHPAK STEEL I',NULL,NULL,'2020-02-04 18:43:05',NULL,NULL,NULL,NULL,NULL,NULL,'919822020685',NULL,NULL,NULL,NULL,11,'2020-02-04 18:43:05',NULL,NULL,'5712'),(60,NULL,NULL,NULL,NULL,'2020-02-04 18:43:05','9849044140.timepay@cosmos','2020-02-04 18:43:05',NULL,'2020-08-02 18:43:05',0,'BRINDAVAN MARKE',NULL,NULL,'2020-02-04 18:43:05',NULL,NULL,NULL,NULL,NULL,NULL,'919849044140',NULL,NULL,NULL,NULL,11,'2020-02-04 18:43:05',NULL,NULL,'5561'),(61,NULL,NULL,NULL,NULL,'2020-02-04 18:43:05','9860094531.timepay@cosmos','2020-02-04 18:43:05',NULL,'2020-08-02 18:43:05',0,'PRADEEP LAMINAT',NULL,NULL,'2020-02-04 18:43:05',NULL,NULL,NULL,NULL,NULL,NULL,'919860094531',NULL,NULL,NULL,NULL,11,'2020-02-04 18:43:05',NULL,NULL,'5712'),(62,NULL,NULL,NULL,NULL,'2020-02-04 18:43:05','9890531838.timepay@cosmos','2020-02-04 18:43:05',NULL,'2020-08-02 18:43:05',0,'VANDAN SWEETS A',NULL,NULL,'2020-02-04 18:43:05',NULL,NULL,NULL,NULL,NULL,NULL,'919890531838',NULL,NULL,NULL,NULL,11,'2020-02-04 18:43:05',NULL,NULL,'7011'),(63,NULL,NULL,NULL,NULL,'2020-02-04 18:43:05','9372489092.timepay@cosmos','2020-02-04 18:43:05',NULL,'2020-08-02 18:43:05',0,'MUKTA ADVERTISI',NULL,NULL,'2020-02-04 18:43:05',NULL,NULL,NULL,NULL,NULL,NULL,'919372489092',NULL,NULL,NULL,NULL,11,'2020-02-04 18:43:05',NULL,NULL,'7311'),(64,NULL,NULL,NULL,NULL,'2020-02-04 18:43:05','9822283893.timepay@cosmos','2020-02-04 18:43:05',NULL,'2020-08-02 18:43:05',0,'RANKA JEWELLERS',NULL,NULL,'2020-02-04 18:43:05',NULL,NULL,NULL,NULL,NULL,NULL,'919822283893',NULL,NULL,NULL,NULL,11,'2020-02-04 18:43:05',NULL,NULL,'5094'),(65,NULL,NULL,NULL,NULL,'2020-02-04 18:43:05','9823136721.timepay@cosmos','2020-02-04 18:43:05',NULL,'2020-08-02 18:43:05',0,'COOL SPRING BEV',NULL,NULL,'2020-02-04 18:43:05',NULL,NULL,NULL,NULL,NULL,NULL,'919823136721',NULL,NULL,NULL,NULL,11,'2020-02-04 18:43:05',NULL,NULL,'5561'),(66,NULL,NULL,NULL,NULL,'2020-02-04 18:43:05','9822883085.timepay@cosmos','2020-02-04 18:43:05',NULL,'2020-08-02 18:43:05',0,'RELIABLE DEVICES',NULL,NULL,'2020-02-04 18:43:05',NULL,NULL,NULL,NULL,NULL,NULL,'919822883085',NULL,NULL,NULL,NULL,11,'2020-02-04 18:43:05',NULL,NULL,'5732'),(67,NULL,NULL,NULL,NULL,'2020-02-04 18:43:05','9820040364.timepay@cosmos','2020-02-04 18:43:05',NULL,'2020-08-02 18:43:05',0,'WANKSONS CHEMIC',NULL,NULL,'2020-02-04 18:43:05',NULL,NULL,NULL,NULL,NULL,NULL,'919820040364',NULL,NULL,NULL,NULL,11,'2020-02-04 18:43:05',NULL,NULL,'5712'),(68,NULL,NULL,NULL,NULL,'2020-02-04 18:43:05','9820011198.timepay@cosmos','2020-02-04 18:43:05',NULL,'2020-08-02 18:43:05',0,'PAPER UDYOG BOM',NULL,NULL,'2020-02-04 18:43:05',NULL,NULL,NULL,NULL,NULL,NULL,'919820011198',NULL,NULL,NULL,NULL,11,'2020-02-04 18:43:05',NULL,NULL,'5712'),(69,NULL,NULL,NULL,NULL,'2020-02-04 18:43:05','9321155555.timepay@cosmos','2020-02-04 18:43:05',NULL,'2020-08-02 18:43:05',0,'JAY ANAND FOOD',NULL,NULL,'2020-02-04 18:43:05',NULL,NULL,NULL,NULL,NULL,NULL,'919321155555',NULL,NULL,NULL,NULL,11,'2020-02-04 18:43:05',NULL,NULL,'5814'),(70,NULL,NULL,NULL,NULL,'2020-02-04 18:43:05','9819674675.timepay@cosmos','2020-02-04 18:43:05',NULL,'2020-08-02 18:43:05',0,'ALFA',NULL,NULL,'2020-02-04 18:43:05',NULL,NULL,NULL,NULL,NULL,NULL,'919819674675',NULL,NULL,NULL,NULL,11,'2020-02-04 18:43:05',NULL,NULL,'5561'),(71,NULL,NULL,NULL,NULL,'2020-02-04 18:43:05','9657072333.timepay@cosmos','2020-02-04 18:43:05',NULL,'2020-08-02 18:43:05',0,'RENAM RETAIL PR',NULL,NULL,'2020-02-04 18:43:05',NULL,NULL,NULL,NULL,NULL,NULL,'919657072333',NULL,NULL,NULL,NULL,11,'2020-02-04 18:43:05',NULL,NULL,'5712'),(72,NULL,NULL,NULL,NULL,'2020-02-04 18:43:05','9890013434.timepay@cosmos','2020-02-04 18:43:05',NULL,'2020-08-02 18:43:05',0,'V K GUPTE AND S',NULL,NULL,'2020-02-04 18:43:05',NULL,NULL,NULL,NULL,NULL,NULL,'919890013434',NULL,NULL,NULL,NULL,11,'2020-02-04 18:43:05',NULL,NULL,'5712'),(73,NULL,NULL,NULL,NULL,'2020-02-04 18:43:05','9822279955.timepay@cosmos','2020-02-04 18:43:05',NULL,'2020-08-02 18:43:05',0,'SAI ENTERPRISES',NULL,NULL,'2020-02-04 18:43:05',NULL,NULL,NULL,NULL,NULL,NULL,'919822279955',NULL,NULL,NULL,NULL,11,'2020-02-04 18:43:05',NULL,NULL,'5712'),(74,NULL,NULL,NULL,NULL,'2020-02-04 18:43:05','9822035971.timepay@cosmos','2020-02-04 18:43:05',NULL,'2020-08-02 18:43:05',0,'NAMOLECTRIC CON',NULL,NULL,'2020-02-04 18:43:05',NULL,NULL,NULL,NULL,NULL,NULL,'919822035971',NULL,NULL,NULL,NULL,11,'2020-02-04 18:43:05',NULL,NULL,'5712'),(75,NULL,NULL,NULL,NULL,'2020-02-04 18:43:05','9822075052.timepay@cosmos','2020-02-04 18:43:05',NULL,'2020-08-02 18:43:05',0,'K G BANTHIA BROS',NULL,NULL,'2020-02-04 18:43:05',NULL,NULL,NULL,NULL,NULL,NULL,'919822075052',NULL,NULL,NULL,NULL,11,'2020-02-04 18:43:05',NULL,NULL,'5712'),(76,NULL,NULL,NULL,NULL,'2020-02-04 18:43:05','9890099305.timepay@cosmos','2020-02-04 18:43:05',NULL,'2020-08-02 18:43:05',0,'DIGINEXUS',NULL,NULL,'2020-02-04 18:43:05',NULL,NULL,NULL,NULL,NULL,NULL,'919890099305',NULL,NULL,NULL,NULL,11,'2020-02-04 18:43:05',NULL,NULL,'8043'),(77,NULL,NULL,NULL,NULL,'2020-02-04 18:43:05','9822288263.timepay@cosmos','2020-02-04 18:43:05',NULL,'2020-08-02 18:43:05',0,'SHRI SAI FURNIT',NULL,NULL,'2020-02-04 18:43:05',NULL,NULL,NULL,NULL,NULL,NULL,'919822288263',NULL,NULL,NULL,NULL,11,'2020-02-04 18:43:05',NULL,NULL,'5021'),(78,NULL,NULL,NULL,NULL,'2020-02-04 18:43:05','9923414130.timepay@cosmos','2020-02-04 18:43:05',NULL,'2020-08-02 18:43:05',0,'SUJATA ARTS AND',NULL,NULL,'2020-02-04 18:43:05',NULL,NULL,NULL,NULL,NULL,NULL,'919923414130',NULL,NULL,NULL,NULL,11,'2020-02-04 18:43:05',NULL,NULL,'5094'),(79,NULL,NULL,NULL,NULL,'2020-02-04 18:43:05','9730000035.timepay@cosmos','2020-02-04 18:43:05',NULL,'2020-08-02 18:43:05',0,'BHAGYALAXMI ROL',NULL,NULL,'2020-02-04 18:43:05',NULL,NULL,NULL,NULL,NULL,NULL,'919730000035',NULL,NULL,NULL,NULL,11,'2020-02-04 18:43:05',NULL,NULL,'5712'),(80,NULL,NULL,NULL,NULL,'2020-02-04 18:43:05','9422216975.timepay@cosmos','2020-02-04 18:43:05',NULL,'2020-08-02 18:43:05',0,'SHIVSHAKTI RE-R',NULL,NULL,'2020-02-04 18:43:05',NULL,NULL,NULL,NULL,NULL,NULL,'919422216975',NULL,NULL,NULL,NULL,11,'2020-02-04 18:43:05',NULL,NULL,'5712'),(81,NULL,NULL,NULL,NULL,'2020-02-04 18:43:05','9820432681.timepay@cosmos','2020-02-04 18:43:05',NULL,'2020-08-02 18:43:05',0,'CRAFT ENTERPRIS',NULL,NULL,'2020-02-04 18:43:05',NULL,NULL,NULL,NULL,NULL,NULL,'919820432681',NULL,NULL,NULL,NULL,11,'2020-02-04 18:43:05',NULL,NULL,'5561'),(82,NULL,NULL,NULL,NULL,'2020-02-04 18:43:06','9823371056.timepay@cosmos','2020-02-04 18:43:06',NULL,'2020-08-02 18:43:06',0,'LUMINAZ SAFETY',NULL,NULL,'2020-02-04 18:43:06',NULL,NULL,NULL,NULL,NULL,NULL,'919823371056',NULL,NULL,NULL,NULL,11,'2020-02-04 18:43:06',NULL,NULL,'5712');
/*!40000 ALTER TABLE `registration` ENABLE KEYS */;
UNLOCK TABLES;

--
-- Dumping events for database 'timepayupi'
--

--
-- Dumping routines for database 'timepayupi'
--
/*!50112 SET @disable_bulk_load = IF (@is_rocksdb_supported, 'SET SESSION rocksdb_bulk_load = @old_rocksdb_bulk_load', 'SET @dummy_rocksdb_bulk_load = 0') */;
/*!50112 PREPARE s FROM @disable_bulk_load */;
/*!50112 EXECUTE s */;
/*!50112 DEALLOCATE PREPARE s */;
/*!40103 SET TIME_ZONE=@OLD_TIME_ZONE */;

/*!40101 SET SQL_MODE=@OLD_SQL_MODE */;
/*!40014 SET FOREIGN_KEY_CHECKS=@OLD_FOREIGN_KEY_CHECKS */;
/*!40014 SET UNIQUE_CHECKS=@OLD_UNIQUE_CHECKS */;
/*!40101 SET CHARACTER_SET_CLIENT=@OLD_CHARACTER_SET_CLIENT */;
/*!40101 SET CHARACTER_SET_RESULTS=@OLD_CHARACTER_SET_RESULTS */;
/*!40101 SET COLLATION_CONNECTION=@OLD_COLLATION_CONNECTION */;
/*!40111 SET SQL_NOTES=@OLD_SQL_NOTES */;

-- Dump completed on 2020-02-04 19:13:04
